video name,truth annotation,predicted annotation,len word truth,len word predicted,len char truth,len char predicted,wer,cer,lwer,lcer
0,PUT A PURSE ON A TABLE,THANK YOU VERY MUCH THANK YOU,6,6,22,29,2.077777777777778,0.9090909090909091,0.0,-0.3181818181818181
1,WOULD NOT IT BOTHERS YOU TO ANSWER SOME QUESTIONS ABOUT YOUR WORK EXPIRIENCE AND YOU STUDYING EXPIRIENCE,65 PERCENT OF THE,17,4,104,17,1.1428571428571428,1.0,0.7647058823529411,0.8365384615384616
2,PUT A WHITE ON B,NOW I M NOT A LAWYER BUT,5,7,16,24,1.0,0.8125,-0.3999999999999999,-0.5
3,PRIVET MENYA ZOVUT SASHA MNE DVADCAT ODIN GOD,THAT I DON T KNOW WHAT IT IS FOR YOU,8,10,45,36,0.887202380952381,0.8611111111111112,-0.25,0.19999999999999996
4,PLEASE LAY YELLOW ON C TEN NOW,LET S MAKE A CHANGE THAT,7,6,30,24,1.611111111111111,0.875,0.1428571428571429,0.19999999999999996
5,HI MY NAME IS SASHA AND I AM TWENTY ONE YEARS OLD,THANK YOU VERY MUCH,12,4,49,19,1.625,0.9473684210526315,0.6666666666666667,0.6122448979591837
6,SET GREEN IN B SEVEN NOW,THEY DIDN T HAVE A LOT OF MONEY TO,6,9,24,34,1.4111111111111112,0.9166666666666666,-0.5,-0.41666666666666674
7,PLACE WHITE WITH E ONE SOON,I DON T BELIEVE IN MY MIND,6,7,27,26,1.736111111111111,0.9230769230769231,-0.16666666666666674,0.03703703703703709
